Artist,Number_Ones,Total_Weeks_At_Number_One,First_Number_One_Year,Last_Number_One_Year,Span_Years,Artist_URL
The Beatles,19,54,1964,1970,6,https://en.wikipedia.org/wiki/The_Beatles
Mariah Carey,16,82,1990,2019,29,https://en.wikipedia.org/wiki/Mariah_Carey
Taylor Swift,13,46,2012,2026,14,https://en.wikipedia.org/wiki/Taylor_Swift
Madonna,12,32,1984,2000,16,https://en.wikipedia.org/wiki/Madonna
Whitney Houston,11,31,1985,1995,10,https://en.wikipedia.org/wiki/Whitney_Houston
Michael Jackson,11,30,1972,1995,23,https://en.wikipedia.org/wiki/Michael_Jackson
The Supremes,10,19,1964,1967,3,https://en.wikipedia.org/wiki/The_Supremes
Bee Gees,9,27,1971,1979,8,https://en.wikipedia.org/wiki/Bee_Gees
Janet Jackson,8,23,1986,1998,12,https://en.wikipedia.org/wiki/Janet_Jackson
The Rolling Stones,8,17,1965,1978,13,https://en.wikipedia.org/wiki/The_Rolling_Stones
Elvis Presley,7,22,1959,1969,10,https://en.wikipedia.org/wiki/Elvis_Presley
Stevie Wonder,7,11,1973,1985,12,https://en.wikipedia.org/wiki/Stevie_Wonder
Drake,6,33,2018,2026,8,https://en.wikipedia.org/wiki/Drake_(musician)
Ariana Grande,6,19,2018,2026,8,https://en.wikipedia.org/wiki/Ariana_Grande
Bruno Mars,6,19,2010,2026,16,https://en.wikipedia.org/wiki/Bruno_Mars
Katy Perry,6,18,2008,2013,5,https://en.wikipedia.org/wiki/Katy_Perry
Rihanna,6,15,2006,2012,6,https://en.wikipedia.org/wiki/Rihanna
Daryl Hall and John Oates,6,14,1977,1984,7,https://en.wikipedia.org/wiki/Hall_&_Oates
Phil Collins,6,14,1984,1989,5,https://en.wikipedia.org/wiki/Phil_Collins
Adele,5,34,2011,2021,10,https://en.wikipedia.org/wiki/Adele
Elton John,5,23,1973,1997,24,https://en.wikipedia.org/wiki/Elton_John
Usher,5,22,1998,2004,6,https://en.wikipedia.org/wiki/Usher_(entertainer)
The Four Seasons,5,18,1962,1976,14,https://en.wikipedia.org/wiki/The_Four_Seasons_(band)
BTS,5,16,2020,2026,6,https://en.wikipedia.org/wiki/BTS
George Michael,5,12,1987,1990,3,https://en.wikipedia.org/wiki/George_Michael
Paula Abdul,5,12,1989,1991,2,https://en.wikipedia.org/wiki/Paula_Abdul
Diana Ross,5,11,1970,1980,10,https://en.wikipedia.org/wiki/Diana_Ross
KC and the Sunshine Band,5,6,1975,1980,5,https://en.wikipedia.org/wiki/KC_and_the_Sunshine_Band
Eagles,5,5,1975,1979,4,https://en.wikipedia.org/wiki/Eagles_(band)
Boyz II Men,4,34,1992,1997,5,https://en.wikipedia.org/wiki/Boyz_II_Men
Beyoncé,4,18,2006,2024,18,https://en.wikipedia.org/wiki/Beyoncé
TLC,4,18,1995,1999,4,https://en.wikipedia.org/wiki/TLC_(music)
Destiny's Child,4,17,1999,2001,2,https://en.wikipedia.org/wiki/Destiny's_Child
Olivia Newton-John,4,17,1974,1981,7,https://en.wikipedia.org/wiki/Olivia_Newton-John
The Weeknd,4,14,2015,2020,5,https://en.wikipedia.org/wiki/The_Weeknd
Bobby Vinton,4,12,1962,1964,2,https://en.wikipedia.org/wiki/Bobby_Vinton
Lionel Richie,4,12,1982,1985,3,https://en.wikipedia.org/wiki/Lionel_Richie
Olivia Rodrigo,4,12,2021,2026,5,https://en.wikipedia.org/wiki/Olivia_Rodrigo
Blondie,4,10,1979,1981,2,https://en.wikipedia.org/wiki/Blondie_(band)
The Jackson 5,4,10,1970,1970,0,https://en.wikipedia.org/wiki/The_Jackson_5
Cher,4,9,1971,1999,28,https://en.wikipedia.org/wiki/Cher
Bon Jovi,4,8,1986,1989,3,https://en.wikipedia.org/wiki/Bon_Jovi
The Beach Boys,4,6,1964,1988,24,https://en.wikipedia.org/wiki/The_Beach_Boys
The Temptations,4,6,1965,1972,7,https://en.wikipedia.org/wiki/The_Temptations
Britney Spears,4,5,1999,2011,12,https://en.wikipedia.org/wiki/Britney_Spears
John Denver,4,5,1974,1975,1,https://en.wikipedia.org/wiki/John_Denver
Roxette,4,5,1989,1991,2,https://en.wikipedia.org/wiki/Roxette
The Black Eyed Peas,3,28,2009,2010,1,https://en.wikipedia.org/wiki/The_Black_Eyed_Peas
Harry Styles,3,17,2020,2026,6,https://en.wikipedia.org/wiki/Harry_Styles
Rod Stewart,3,17,1971,1979,8,https://en.wikipedia.org/wiki/Rod_Stewart
Bryan Adams,3,14,1985,1995,10,https://en.wikipedia.org/wiki/Bryan_Adams
Andy Gibb,3,13,1977,1978,1,https://en.wikipedia.org/wiki/Andy_Gibb
Céline Dion,3,12,1994,1998,4,https://en.wikipedia.org/wiki/Celine_Dion
Roberta Flack,3,12,1972,1974,2,https://en.wikipedia.org/wiki/Roberta_Flack
The Monkees,3,12,1966,1967,1,https://en.wikipedia.org/wiki/The_Monkees
Christina Aguilera,3,11,1999,2000,1,https://en.wikipedia.org/wiki/Christina_Aguilera
Donna Summer,3,11,1978,1979,1,https://en.wikipedia.org/wiki/Donna_Summer
Simon & Garfunkel,3,11,1966,1970,4,https://en.wikipedia.org/wiki/Simon_&_Garfunkel
Marvin Gaye,3,10,1968,1977,9,https://en.wikipedia.org/wiki/Marvin_Gaye
Barbra Streisand,3,9,1974,1980,6,https://en.wikipedia.org/wiki/Barbra_Streisand
Justin Timberlake,3,9,2006,2016,10,https://en.wikipedia.org/wiki/Justin_Timberlake
Three Dog Night,3,9,1970,1972,2,https://en.wikipedia.org/wiki/Three_Dog_Night
Ray Charles,3,8,1960,1962,2,https://en.wikipedia.org/wiki/Ray_Charles
Wings,3,8,1975,1978,3,https://en.wikipedia.org/wiki/Paul_McCartney_and_Wings
Brenda Lee,3,7,1960,2023,63,https://en.wikipedia.org/wiki/Brenda_Lee
Kelly Clarkson,3,7,2002,2012,10,https://en.wikipedia.org/wiki/Kelly_Clarkson
The Carpenters,3,7,1970,1975,5,https://en.wikipedia.org/wiki/The_Carpenters
Chicago,3,6,1976,1988,12,https://en.wikipedia.org/wiki/Chicago_(band)
George Harrison,3,6,1970,1988,18,https://en.wikipedia.org/wiki/George_Harrison
Huey Lewis and the News,3,6,1985,1987,2,https://en.wikipedia.org/wiki/Huey_Lewis_and_the_News
Justin Bieber,3,6,2015,2016,1,https://en.wikipedia.org/wiki/Justin_Bieber
Neil Sedaka,3,6,1962,1975,13,https://en.wikipedia.org/wiki/Neil_Sedaka
Billy Joel,3,5,1980,1989,9,https://en.wikipedia.org/wiki/Billy_Joel
Billy Ocean,3,5,1984,1988,4,https://en.wikipedia.org/wiki/Billy_Ocean
Connie Francis,3,5,1960,1962,2,https://en.wikipedia.org/wiki/Connie_Francis
Kendrick Lamar,3,5,2017,2024,7,https://en.wikipedia.org/wiki/Kendrick_Lamar
Milli Vanilli,3,5,1989,1989,0,https://en.wikipedia.org/wiki/Milli_Vanilli
New Kids on the Block,3,5,1989,1990,1,https://en.wikipedia.org/wiki/New_Kids_on_the_Block
Richard Marx,3,5,1988,1989,1,https://en.wikipedia.org/wiki/Richard_Marx
Starship,3,5,1985,1987,2,https://en.wikipedia.org/wiki/Starship_(band)
Steve Miller Band,3,4,1974,1982,8,https://en.wikipedia.org/wiki/Steve_Miller_Band
Wilson Phillips,3,4,1990,1991,1,https://en.wikipedia.org/wiki/Wilson_Phillips
Barry Manilow,3,3,1975,1977,2,https://en.wikipedia.org/wiki/Barry_Manilow
Helen Reddy,3,3,1972,1974,2,https://en.wikipedia.org/wiki/Helen_Reddy
Travis Scott,3,3,2018,2025,7,https://en.wikipedia.org/wiki/Travis_Scott
Lil Nas X,2,20,2019,2021,2,https://en.wikipedia.org/wiki/Lil_Nas_X
Morgan Wallen,2,17,2023,2024,1,https://en.wikipedia.org/wiki/Morgan_Wallen
Eminem,2,13,2002,2010,8,https://en.wikipedia.org/wiki/Eminem
Maroon 5,2,12,2007,2012,5,https://en.wikipedia.org/wiki/Maroon_5
Toni Braxton,2,12,1996,1996,0,https://en.wikipedia.org/wiki/Toni_Braxton
Alicia Keys,2,11,2001,2007,6,https://en.wikipedia.org/wiki/Alicia_Keys
Eminem featuring Rihanna,2,11,2010,2013,3,https://en.wikipedia.org/wiki/Eminem
Jennifer Lopez featuring Ja Rule,2,11,2001,2002,1,https://en.wikipedia.org/wiki/Jennifer_Lopez
Miley Cyrus,2,11,2013,2023,10,https://en.wikipedia.org/wiki/Miley_Cyrus
Janet,2,10,2000,2001,1,https://en.wikipedia.org/wiki/Janet_Jackson
Kesha,2,10,2010,2010,0,https://en.wikipedia.org/wiki/Kesha
OutKast,2,10,2001,2003,2,https://en.wikipedia.org/wiki/OutKast
Rihanna featuring Drake,2,10,2010,2016,6,https://en.wikipedia.org/wiki/Drake_(entertainer)
Jack Harlow,2,9,2022,2023,1,https://en.wikipedia.org/wiki/Jack_Harlow
Lizzo,2,9,2019,2022,3,https://en.wikipedia.org/wiki/Lizzo
Monica,2,9,1998,1999,1,https://en.wikipedia.org/wiki/Monica_(singer)
The 5th Dimension,2,9,1969,1969,0,https://en.wikipedia.org/wiki/The_5th_Dimension
Flo Rida,2,8,2009,2012,3,https://en.wikipedia.org/wiki/Flo_Rida
UB40,2,8,1988,1993,5,https://en.wikipedia.org/wiki/UB40
Chic,2,7,1978,1979,1,https://en.wikipedia.org/wiki/Chic_(band)
Lady Gaga,2,7,2009,2011,2,https://en.wikipedia.org/wiki/Lady_Gaga
Queen,2,7,1980,1980,0,https://en.wikipedia.org/wiki/Queen_(band)
The Association,2,7,1966,1967,1,https://en.wikipedia.org/wiki/The_Association
Chubby Checker,2,6,1960,1961,1,https://en.wikipedia.org/wiki/Chubby_Checker
Frankie Avalon,2,6,1959,1959,0,https://en.wikipedia.org/wiki/Frankie_Avalon
Herb Alpert,2,6,1968,1979,11,https://en.wikipedia.org/wiki/Herb_Alpert
John Lennon,2,6,1974,1980,6,https://en.wikipedia.org/wiki/John_Lennon
Prince,2,6,1984,1989,5,https://en.wikipedia.org/wiki/Prince_(musician)
Savage Garden,2,6,1998,2000,2,https://en.wikipedia.org/wiki/Savage_Garden
Sly & the Family Stone,2,6,1969,1970,1,https://en.wikipedia.org/wiki/Sly_&_the_Family_Stone
Tommy Roe,2,6,1962,1969,7,https://en.wikipedia.org/wiki/Tommy_Roe
B. J. Thomas,2,5,1970,1975,5,https://en.wikipedia.org/wiki/B._J._Thomas
Captain & Tennille,2,5,1975,1980,5,https://en.wikipedia.org/wiki/Captain_&_Tennille
Enrique Iglesias,2,5,1999,2000,1,https://en.wikipedia.org/wiki/Enrique_Iglesias
Men at Work,2,5,1982,1983,1,https://en.wikipedia.org/wiki/Men_at_Work
Paul McCartney and Wings,2,5,1973,1974,1,https://en.wikipedia.org/wiki/Paul_McCartney_and_Wings
Ray Stevens,2,5,1970,1974,4,https://en.wikipedia.org/wiki/Ray_Stevens
Steve Winwood,2,5,1986,1988,2,https://en.wikipedia.org/wiki/Steve_Winwood
Tears for Fears,2,5,1985,1985,0,https://en.wikipedia.org/wiki/Tears_for_Fears
The Bangles,2,5,1986,1989,3,https://en.wikipedia.org/wiki/The_Bangles
The Doors,2,5,1967,1968,1,https://en.wikipedia.org/wiki/The_Doors
The Fleetwoods,2,5,1959,1959,0,https://en.wikipedia.org/wiki/The_Fleetwoods
The Righteous Brothers,2,5,1965,1966,1,https://en.wikipedia.org/wiki/The_Righteous_Brothers
The Shirelles,2,5,1961,1962,1,https://en.wikipedia.org/wiki/The_Shirelles
The Young Rascals,2,5,1966,1967,1,https://en.wikipedia.org/wiki/The_Rascals
U2,2,5,1987,1987,0,https://en.wikipedia.org/wiki/U2
Wham!,2,5,1984,1985,1,https://en.wikipedia.org/wiki/Wham!
America,2,4,1972,1975,3,https://en.wikipedia.org/wiki/America_(band)
Cardi B,2,4,2017,2021,4,https://en.wikipedia.org/wiki/Cardi_B
Christopher Cross,2,4,1980,1981,1,https://en.wikipedia.org/wiki/Christopher_Cross
Cyndi Lauper,2,4,1984,1986,2,https://en.wikipedia.org/wiki/Cyndi_Lauper
Debbie Gibson,2,4,1988,1989,1,https://en.wikipedia.org/wiki/Debbie_Gibson
Duran Duran,2,4,1984,1985,1,https://en.wikipedia.org/wiki/Duran_Duran
Fergie,2,4,2006,2007,1,https://en.wikipedia.org/wiki/Fergie_(singer)
Four Tops,2,4,1965,1966,1,https://en.wikipedia.org/wiki/Four_Tops
Heart,2,4,1986,1987,1,https://en.wikipedia.org/wiki/Heart_(band)
Herman's Hermits,2,4,1965,1965,0,https://en.wikipedia.org/wiki/Herman's_Hermits
Jim Croce,2,4,1973,1973,0,https://en.wikipedia.org/wiki/Jim_Croce
Michael Bolton,2,4,1990,1991,1,https://en.wikipedia.org/wiki/Michael_Bolton
Mr. Mister,2,4,1985,1986,1,https://en.wikipedia.org/wiki/Mr._Mister
Petula Clark,2,4,1965,1966,1,https://en.wikipedia.org/wiki/Petula_Clark
Prince and the Revolution,2,4,1984,1986,2,https://en.wikipedia.org/wiki/The_Revolution_(band)
REO Speedwagon,2,4,1981,1985,4,https://en.wikipedia.org/wiki/REO_Speedwagon
Ricky Nelson,2,4,1958,1961,3,https://en.wikipedia.org/wiki/Ricky_Nelson
Roy Orbison,2,4,1961,1964,3,https://en.wikipedia.org/wiki/Roy_Orbison
Sean Paul,2,4,2003,2006,3,https://en.wikipedia.org/wiki/Sean_Paul
The Byrds,2,4,1965,1965,0,https://en.wikipedia.org/wiki/The_Byrds
The Human League,2,4,1982,1986,4,https://en.wikipedia.org/wiki/The_Human_League
Tiffany,2,4,1987,1988,1,https://en.wikipedia.org/wiki/Tiffany_Darwish
Tommy James and the Shondells,2,4,1966,1969,3,https://en.wikipedia.org/wiki/Tommy_James_and_the_Shondells
Billy Preston,2,3,1973,1974,1,https://en.wikipedia.org/wiki/Billy_Preston
Color Me Badd,2,3,1991,1992,1,https://en.wikipedia.org/wiki/Color_Me_Badd
Commodores,2,3,1978,1979,1,https://en.wikipedia.org/wiki/Commodores
David Bowie,2,3,1975,1983,8,https://en.wikipedia.org/wiki/David_Bowie
Diana Ross & the Supremes,2,3,1968,1969,1,https://en.wikipedia.org/wiki/The_Supremes
Frankie Valli,2,3,1975,1978,3,https://en.wikipedia.org/wiki/Frankie_Valli
Glen Campbell,2,3,1975,1977,2,https://en.wikipedia.org/wiki/Glen_Campbell
Gloria Estefan,2,3,1989,1991,2,https://en.wikipedia.org/wiki/Gloria_Estefan
Grand Funk,2,3,1973,1974,1,https://en.wikipedia.org/wiki/Grand_Funk_Railroad
Rick Astley,2,3,1988,1988,0,https://en.wikipedia.org/wiki/Rick_Astley
The Weeknd and Ariana Grande,2,3,2021,2023,2,https://en.wikipedia.org/wiki/The_Weeknd
Fine Young Cannibals,2,2,1989,1989,0,https://en.wikipedia.org/wiki/Fine_Young_Cannibals
Leo Sayer,2,2,1977,1977,0,https://en.wikipedia.org/wiki/Leo_Sayer
Lisa Lisa and Cult Jam,2,2,1987,1987,0,https://en.wikipedia.org/wiki/Lisa_Lisa_and_Cult_Jam
Neil Diamond,2,2,1970,1972,2,https://en.wikipedia.org/wiki/Neil_Diamond
Ohio Players,2,2,1975,1976,1,https://en.wikipedia.org/wiki/Ohio_Players
Pink,2,2,2008,2010,2,https://en.wikipedia.org/wiki/Pink_(singer)
Ringo Starr,2,2,1973,1974,1,https://en.wikipedia.org/wiki/Ringo_Starr
Sabrina Carpenter,2,2,2024,2025,1,https://en.wikipedia.org/wiki/Sabrina_Carpenter
Simply Red,2,2,1986,1989,3,https://en.wikipedia.org/wiki/Simply_Red
The Doobie Brothers,2,2,1975,1979,4,https://en.wikipedia.org/wiki/The_Doobie_Brothers
The Staple Singers,2,2,1972,1975,3,https://en.wikipedia.org/wiki/The_Staple_Singers
Ella Langley,1,21,2026,2026,0,https://en.wikipedia.org/wiki/Ella_Langley
Shaboozey,1,19,2024,2024,0,https://en.wikipedia.org/wiki/Shaboozey
Luis Fonsi and Daddy Yankee featuring Justin Bieber,1,16,2017,2017,0,https://en.wikipedia.org/wiki/Luis_Fonsi
Mariah Carey and Boyz II Men,1,16,1995,1995,0,NA
Los del Río,1,14,1996,1996,0,https://en.wikipedia.org/wiki/Los_del_Río
Mark Ronson featuring Bruno Mars,1,14,2015,2015,0,https://en.wikipedia.org/wiki/Mark_Ronson
Brandy and Monica,1,13,1998,1998,0,https://en.wikipedia.org/wiki/Brandy_Norwood
Kendrick Lamar and SZA,1,13,2025,2025,0,https://en.wikipedia.org/wiki/SZA
Ed Sheeran,1,12,2017,2017,0,https://en.wikipedia.org/wiki/Ed_Sheeran
Robin Thicke featuring T.I. and Pharrell,1,12,2013,2013,0,https://en.wikipedia.org/wiki/Robin_Thicke
Santana featuring Rob Thomas,1,12,1999,1999,0,https://en.wikipedia.org/wiki/Santana_(band)
The Chainsmokers featuring Halsey,1,12,2016,2016,0,https://en.wikipedia.org/wiki/The_Chainsmokers
Usher featuring Lil Jon and Ludacris,1,12,2004,2004,0,https://en.wikipedia.org/wiki/Usher_(entertainer)
Wiz Khalifa featuring Charlie Puth,1,12,2015,2015,0,https://en.wikipedia.org/wiki/Wiz_Khalifa
All-4-One,1,11,1994,1994,0,https://en.wikipedia.org/wiki/All-4-One
Puff Daddy and Faith Evans featuring 112,1,11,1997,1997,0,https://en.wikipedia.org/wiki/Faith_Evans
Roddy Ricch,1,11,2020,2020,0,https://en.wikipedia.org/wiki/Roddy_Ricch
Alex Warren,1,10,2025,2025,0,https://en.wikipedia.org/wiki/Alex_Warren
Ashanti,1,10,2002,2002,0,NA
Debby Boone,1,10,1977,1977,0,https://en.wikipedia.org/wiki/Debby_Boone
Drake featuring Wizkid and Kyla,1,10,2016,2016,0,https://en.wikipedia.org/wiki/Wizkid_(musician)
Flo Rida featuring T-Pain,1,10,2008,2008,0,https://en.wikipedia.org/wiki/Flo_Rida
Kanye West featuring Jamie Foxx,1,10,2005,2005,0,https://en.wikipedia.org/wiki/Kanye_West
Nelly featuring Kelly Rowland,1,10,2002,2002,0,https://en.wikipedia.org/wiki/Kelly_Rowland
Pharrell Williams,1,10,2014,2014,0,https://en.wikipedia.org/wiki/Pharrell_Williams
Rihanna featuring Calvin Harris,1,10,2011,2011,0,https://en.wikipedia.org/wiki/Calvin_Harris
Santana featuring The Product G&B,1,10,2000,2000,0,https://en.wikipedia.org/wiki/The_Product_G&B
50 Cent,1,9,2003,2003,0,https://en.wikipedia.org/wiki/50_Cent
50 Cent featuring Olivia,1,9,2005,2005,0,https://en.wikipedia.org/wiki/50_Cent
Beyoncé featuring Sean Paul,1,9,2003,2003,0,NA
Bobby Darin,1,9,1959,1959,0,https://en.wikipedia.org/wiki/Bobby_Darin
Carly Rae Jepsen,1,9,2012,2012,0,https://en.wikipedia.org/wiki/Carly_Rae_Jepsen
Diana Ross and Lionel Richie,1,9,1981,1981,0,https://en.wikipedia.org/wiki/Diana_Ross
Kim Carnes,1,9,1981,1981,0,https://en.wikipedia.org/wiki/Kim_Carnes
Lorde,1,9,2013,2013,0,https://en.wikipedia.org/wiki/Lorde
Mario,1,9,2005,2005,0,https://en.wikipedia.org/wiki/Mario_(entertainer)
Percy Faith and his orchestra,1,9,1960,1960,0,https://en.wikipedia.org/wiki/Percy_Faith
24kGoldn featuring Iann Dior,1,8,2020,2020,0,https://en.wikipedia.org/wiki/24kGoldn
Beyoncé featuring Jay-Z,1,8,2003,2003,0,https://en.wikipedia.org/wiki/Beyoncé
Bone Thugs-n-Harmony,1,8,1996,1996,0,https://en.wikipedia.org/wiki/Bone_Thugs-n-Harmony
Gotye featuring Kimbra,1,8,2012,2012,0,https://en.wikipedia.org/wiki/Gotye
"Huntrix: Ejae, Audrey Nuna and Rei Ami",1,8,2025,2025,0,https://en.wikipedia.org/wiki/Huntrix
Kris Kross,1,8,1992,1992,0,https://en.wikipedia.org/wiki/Kris_Kross
Meghan Trainor,1,8,2014,2014,0,https://en.wikipedia.org/wiki/Meghan_Trainor
Post Malone featuring 21 Savage,1,8,2017,2017,0,https://en.wikipedia.org/wiki/Post_Malone
The Police,1,8,1983,1983,0,https://en.wikipedia.org/wiki/The_Police
Bobby Lewis,1,7,1961,1961,0,https://en.wikipedia.org/wiki/Bobby_Lewis
Ciara featuring Petey Pablo,1,7,2004,2004,0,https://en.wikipedia.org/wiki/Ciara
DaBaby featuring Roddy Ricch,1,7,2020,2020,0,https://en.wikipedia.org/wiki/DaBaby
Iggy Azalea featuring Charli XCX,1,7,2014,2014,0,https://en.wikipedia.org/wiki/Iggy_Azalea
Joan Jett and the Blackhearts,1,7,1982,1982,0,https://en.wikipedia.org/wiki/Joan_Jett_and_the_Blackhearts
Maroon 5 featuring Cardi B,1,7,2018,2018,0,https://en.wikipedia.org/wiki/Maroon_5
Montell Jordan,1,7,1995,1995,0,https://en.wikipedia.org/wiki/Montell_Jordan
Nelly,1,7,2002,2002,0,https://en.wikipedia.org/wiki/Nelly
Paul McCartney and Stevie Wonder,1,7,1982,1982,0,https://en.wikipedia.org/wiki/Paul_McCartney
Rae Sremmurd featuring Gucci Mane,1,7,2016,2016,0,https://en.wikipedia.org/wiki/Rae_Sremmurd
Rihanna featuring Jay-Z,1,7,2007,2007,0,https://en.wikipedia.org/wiki/Rihanna
Snow,1,7,1993,1993,0,https://en.wikipedia.org/wiki/Snow_(musician)
Soulja Boy Tell 'Em,1,7,2007,2007,0,https://en.wikipedia.org/wiki/Soulja_Boy_Tell_'Em
T.I.,1,7,2008,2008,0,https://en.wikipedia.org/wiki/T.I.
The Kid Laroi and Justin Bieber,1,7,2021,2021,0,https://en.wikipedia.org/wiki/The_Kid_Laroi
Ace of Base,1,6,1994,1994,0,https://en.wikipedia.org/wiki/Ace_of_Base
Ed Sheeran and Beyoncé,1,6,2017,2017,0,https://en.wikipedia.org/wiki/Beyoncé
Fun featuring Janelle Monáe,1,6,2012,2012,0,https://en.wikipedia.org/wiki/Fun_(band)
Gilbert O'Sullivan,1,6,1972,1972,0,https://en.wikipedia.org/wiki/Gilbert_O'Sullivan
Irene Cara,1,6,1983,1983,0,https://en.wikipedia.org/wiki/Irene_Cara
Johnny Horton,1,6,1959,1959,0,https://en.wikipedia.org/wiki/Johnny_Horton
Katy Perry featuring Snoop Dogg,1,6,2010,2010,0,https://en.wikipedia.org/wiki/Katy_Perry
Kenny Rogers,1,6,1980,1980,0,https://en.wikipedia.org/wiki/Kenny_Rogers
LMFAO featuring Lauren Bennett and GoonRock,1,6,2011,2011,0,https://en.wikipedia.org/wiki/LMFAO_(group)
Macklemore & Ryan Lewis featuring Wanz,1,6,2013,2013,0,https://en.wikipedia.org/wiki/Macklemore_&_Ryan_Lewis
Magic!,1,6,2014,2014,0,https://en.wikipedia.org/wiki/Magic!
Mary J. Blige,1,6,2001,2001,0,https://en.wikipedia.org/wiki/Mary_J._Blige
Nelly Furtado featuring Timbaland,1,6,2006,2006,0,https://en.wikipedia.org/wiki/Nelly_Furtado
Omi,1,6,2015,2015,0,https://en.wikipedia.org/wiki/Omi_(singer)
Paul McCartney and Michael Jackson,1,6,1983,1983,0,https://en.wikipedia.org/wiki/Paul_McCartney
Post Malone featuring Morgan Wallen,1,6,2024,2024,0,https://en.wikipedia.org/wiki/Morgan_Wallen
Puff Daddy featuring Mase,1,6,1997,1997,0,https://en.wikipedia.org/wiki/Puff_Daddy
R. Kelly and Céline Dion,1,6,1998,1998,0,https://en.wikipedia.org/wiki/R._Kelly
Survivor,1,6,1982,1982,0,https://en.wikipedia.org/wiki/Survivor_(band)
T.I. featuring Rihanna,1,6,2008,2008,0,NA
The J. Geils Band,1,6,1982,1982,0,https://en.wikipedia.org/wiki/The_J._Geils_Band
The Knack,1,6,1979,1979,0,https://en.wikipedia.org/wiki/The_Knack
Tommy Edwards,1,6,1958,1958,0,https://en.wikipedia.org/wiki/Tommy_Edwards
Usher and Alicia Keys,1,6,2004,2004,0,https://en.wikipedia.org/wiki/Alicia_Keys
Zager and Evans,1,6,1969,1969,0,https://en.wikipedia.org/wiki/Zager_and_Evans
Baauer,1,5,2013,2013,0,https://en.wikipedia.org/wiki/Baauer
Beyoncé featuring Slim Thug,1,5,2006,2006,0,https://en.wikipedia.org/wiki/Beyoncé
Bobby Goldsboro,1,5,1968,1968,0,https://en.wikipedia.org/wiki/Bobby_Goldsboro
Carole King,1,5,1971,1971,0,https://en.wikipedia.org/wiki/Carole_King
"Carolina Gaitán, Mauro Castillo, Adassa,Rhenzy Feliz, Diane Guerrero, Stephanie Beatrizand the Encanto cast",1,5,2022,2022,0,https://en.wikipedia.org/wiki/Carolina_Gaitán
Chris Brown,1,5,2005,2005,0,https://en.wikipedia.org/wiki/Chris_Brown_(American_singer)
"Christina Aguilera, Lil' Kim, Mýa and Pink",1,5,2001,2001,0,https://en.wikipedia.org/wiki/Christina_Aguilera
Daniel Powter,1,5,2006,2006,0,https://en.wikipedia.org/wiki/Daniel_Powter
Domenico Modugno,1,5,1958,1958,0,https://en.wikipedia.org/wiki/Domenico_Modugno
Glass Animals,1,5,2022,2022,0,https://en.wikipedia.org/wiki/Glass_Animals
Jay-Z and Alicia Keys,1,5,2009,2009,0,https://en.wikipedia.org/wiki/Jay-Z
Jennifer Lopez,1,5,1999,1999,0,https://en.wikipedia.org/wiki/Jennifer_Lopez
Jimmy Dean,1,5,1961,1961,0,https://en.wikipedia.org/wiki/Jimmy_Dean
Jimmy Gilmer and the Fireballs,1,5,1963,1963,0,https://en.wikipedia.org/wiki/The_Fireballs
Katy Perry featuring Kanye West,1,5,2011,2011,0,https://en.wikipedia.org/wiki/Kanye_West
Lady Gaga and Bruno Mars,1,5,2025,2025,0,https://en.wikipedia.org/wiki/Lady_Gaga
Lil Wayne featuring Static Major,1,5,2008,2008,0,https://en.wikipedia.org/wiki/Lil_Wayne
Lulu,1,5,1967,1967,0,https://en.wikipedia.org/wiki/Lulu_(singer)
Macklemore & Ryan Lewis featuring Ray Dalton,1,5,2013,2013,0,https://en.wikipedia.org/wiki/Ray_Dalton
Meat Loaf,1,5,1993,1993,0,https://en.wikipedia.org/wiki/Meat_Loaf
Next,1,5,1998,1998,0,https://en.wikipedia.org/wiki/Next_(American_group)
Paul Mauriat,1,5,1968,1968,0,https://en.wikipedia.org/wiki/Paul_Mauriat
Ricky Martin,1,5,1999,1999,0,https://en.wikipedia.org/wiki/Ricky_Martin
SSgt. Barry Sadler,1,5,1966,1966,0,https://en.wikipedia.org/wiki/SSgt._Barry_Sadler
Sir Mix-a-Lot,1,5,1992,1992,0,https://en.wikipedia.org/wiki/Sir_Mix-a-Lot
The Beatles with Billy Preston,1,5,1969,1969,0,https://en.wikipedia.org/wiki/The_Beatles
The Emotions,1,5,1977,1977,0,https://en.wikipedia.org/wiki/The_Emotions
The Everly Brothers,1,5,1960,1960,0,https://en.wikipedia.org/wiki/The_Everly_Brothers
The Osmonds,1,5,1971,1971,0,https://en.wikipedia.org/wiki/The_Osmonds
The Rascals,1,5,1968,1968,0,https://en.wikipedia.org/wiki/The_Rascals
Van Halen,1,5,1984,1984,0,https://en.wikipedia.org/wiki/Van_Halen
Vanessa Williams,1,5,1992,1992,0,https://en.wikipedia.org/wiki/Vanessa_Williams
50 Cent featuring Nate Dogg,1,4,2003,2003,0,https://en.wikipedia.org/wiki/Nate_Dogg
Aerosmith,1,4,1998,1998,0,https://en.wikipedia.org/wiki/Aerosmith
Blackstreet featuring Dr. Dre,1,4,1996,1996,0,https://en.wikipedia.org/wiki/Blackstreet
Bobbie Gentry,1,4,1967,1967,0,https://en.wikipedia.org/wiki/Bobbie_Gentry
Bonnie Tyler,1,4,1983,1983,0,https://en.wikipedia.org/wiki/Bonnie_Tyler
Cardi B featuring Megan Thee Stallion,1,4,2020,2020,0,https://en.wikipedia.org/wiki/Cardi_B
Dawn featuring Tony Orlando,1,4,1973,1973,0,https://en.wikipedia.org/wiki/Tony_Orlando_and_Dawn
Del Shannon,1,4,1961,1961,0,https://en.wikipedia.org/wiki/Del_Shannon
Dionne and Friends,1,4,1986,1986,0,https://en.wikipedia.org/wiki/Dionne_Warwick
Don McLean,1,4,1972,1972,0,https://en.wikipedia.org/wiki/Don_McLean
Elton John and Kiki Dee,1,4,1976,1976,0,https://en.wikipedia.org/wiki/Elton_John
Exile,1,4,1978,1978,0,https://en.wikipedia.org/wiki/Exile_(American_band)
Gwen Stefani,1,4,2005,2005,0,https://en.wikipedia.org/wiki/Gwen_Stefani
Jennifer Lopez featuring LL Cool J,1,4,2003,2003,0,https://en.wikipedia.org/wiki/Jennifer_Lopez
Joe featuring Mystikal,1,4,2001,2001,0,https://en.wikipedia.org/wiki/Joe_(singer)
John Cougar,1,4,1982,1982,0,https://en.wikipedia.org/wiki/John_Mellencamp
Johnnie Taylor,1,4,1976,1976,0,https://en.wikipedia.org/wiki/Johnnie_Taylor
Johnny Nash,1,4,1972,1972,0,https://en.wikipedia.org/wiki/Johnny_Nash
Katy Perry featuring Juicy J,1,4,2014,2014,0,https://en.wikipedia.org/wiki/Katy_Perry
Leona Lewis,1,4,2008,2008,0,https://en.wikipedia.org/wiki/Leona_Lewis
Lipps Inc.,1,4,1980,1980,0,https://en.wikipedia.org/wiki/Lipps_Inc.
Lloyd Price,1,4,1959,1959,0,https://en.wikipedia.org/wiki/Lloyd_Price
Maroon 5 featuring Christina Aguilera,1,4,2011,2011,0,https://en.wikipedia.org/wiki/Maroon_5
Nancy Sinatra and Frank Sinatra,1,4,1967,1967,0,https://en.wikipedia.org/wiki/Nancy_Sinatra
"Nelly, P. Diddy and Murphy Lee",1,4,2003,2003,0,https://en.wikipedia.org/wiki/Nelly
Nickelback,1,4,2001,2001,0,https://en.wikipedia.org/wiki/Nickelback
Nilsson,1,4,1972,1972,0,https://en.wikipedia.org/wiki/Harry_Nilsson
Otis Redding,1,4,1968,1968,0,https://en.wikipedia.org/wiki/Otis_Redding
Paul Anka,1,4,1959,1959,0,https://en.wikipedia.org/wiki/Paul_Anka
Peaches & Herb,1,4,1979,1979,0,https://en.wikipedia.org/wiki/Peaches_&_Herb
Pink Floyd,1,4,1980,1980,0,https://en.wikipedia.org/wiki/Pink_Floyd
R. Kelly,1,4,1994,1994,0,https://en.wikipedia.org/wiki/R._Kelly
Sean Kingston,1,4,2007,2007,0,https://en.wikipedia.org/wiki/Sean_Kingston
Sia featuring Sean Paul,1,4,2016,2016,0,https://en.wikipedia.org/wiki/Sia
Sinéad O'Connor,1,4,1990,1990,0,https://en.wikipedia.org/wiki/Sinéad_O'Connor
Spice Girls,1,4,1997,1997,0,https://en.wikipedia.org/wiki/Spice_Girls
Stevie B,1,4,1990,1990,0,https://en.wikipedia.org/wiki/Stevie_B
The Archies,1,4,1969,1969,0,https://en.wikipedia.org/wiki/The_Archies
The Box Tops,1,4,1967,1967,0,https://en.wikipedia.org/wiki/The_Box_Tops
The Browns,1,4,1959,1959,0,https://en.wikipedia.org/wiki/The_Browns
The Chiffons,1,4,1963,1963,0,https://en.wikipedia.org/wiki/The_Chiffons
The Chipmunks with David Seville,1,4,1958,1958,0,https://en.wikipedia.org/wiki/Alvin_and_the_Chipmunks
The Singing Nun,1,4,1963,1963,0,https://en.wikipedia.org/wiki/The_Singing_Nun
USA for Africa,1,4,1985,1985,0,https://en.wikipedia.org/wiki/USA_for_Africa
Usher featuring will.i.am,1,4,2010,2010,0,https://en.wikipedia.org/wiki/Usher_(entertainer)
A Taste of Honey,1,3,1978,1978,0,https://en.wikipedia.org/wiki/A_Taste_of_Honey_(band)
Bert Kaempfert,1,3,1961,1961,0,https://en.wikipedia.org/wiki/Bert_Kaempfert
Bill Withers,1,3,1972,1972,0,https://en.wikipedia.org/wiki/Bill_Withers
Billy Paul,1,3,1972,1972,0,https://en.wikipedia.org/wiki/Billy_Paul
Bobby Vee,1,3,1961,1961,0,https://en.wikipedia.org/wiki/Bobby_Vee
Bruce Channel,1,3,1962,1962,0,https://en.wikipedia.org/wiki/Bruce_Channel
Bryan Adams / Rod Stewart / Sting,1,3,1994,1994,0,https://en.wikipedia.org/wiki/Bryan_Adams
Carly Simon,1,3,1973,1973,0,https://en.wikipedia.org/wiki/Carly_Simon
Chris Brown featuring T-Pain,1,3,2007,2007,0,https://en.wikipedia.org/wiki/Chris_Brown_(American_singer)
Coolio featuring L.V.,1,3,1995,1995,0,https://en.wikipedia.org/wiki/Coolio
Culture Club,1,3,1984,1984,0,https://en.wikipedia.org/wiki/Culture_Club
Dawn,1,3,1971,1971,0,https://en.wikipedia.org/wiki/Tony_Orlando_and_Dawn
Dire Straits,1,3,1985,1985,0,https://en.wikipedia.org/wiki/Dire_Straits
Doja Cat,1,3,2023,2023,0,https://en.wikipedia.org/wiki/Doja_Cat
Donny Osmond,1,3,1971,1971,0,https://en.wikipedia.org/wiki/Donny_Osmond
Edwin Starr,1,3,1970,1970,0,https://en.wikipedia.org/wiki/Edwin_Starr
Falco,1,3,1986,1986,0,https://en.wikipedia.org/wiki/Falco_(musician)
Far East Movement featuring The Cataracs and Dev,1,3,2010,2010,0,https://en.wikipedia.org/wiki/Far_East_Movement
"Future, Metro Boomin and Kendrick Lamar",1,3,2024,2024,0,https://en.wikipedia.org/wiki/Future_(rapper)
Gene Chandler,1,3,1962,1962,0,https://en.wikipedia.org/wiki/Gene_Chandler
Gloria Gaynor,1,3,1979,1979,0,https://en.wikipedia.org/wiki/Gloria_Gaynor
Hanson,1,3,1997,1997,0,https://en.wikipedia.org/wiki/Hanson_(band)
Joe Cocker and Jennifer Warnes,1,3,1982,1982,0,https://en.wikipedia.org/wiki/Joe_Cocker
Joey Dee and the Starliters,1,3,1962,1962,0,https://en.wikipedia.org/wiki/Joey_Dee_and_the_Starliters
John Legend,1,3,2014,2014,0,https://en.wikipedia.org/wiki/John_Legend
Johnny Preston,1,3,1960,1960,0,https://en.wikipedia.org/wiki/Johnny_Preston
Justin Timberlake featuring T.I.,1,3,2006,2006,0,https://en.wikipedia.org/wiki/T.I.
K-Ci & JoJo,1,3,1998,1998,0,https://en.wikipedia.org/wiki/K-Ci_&_JoJo
Kenny Loggins,1,3,1984,1984,0,https://en.wikipedia.org/wiki/Kenny_Loggins
Kyu Sakamoto,1,3,1963,1963,0,https://en.wikipedia.org/wiki/Kyu_Sakamoto
Lady Gaga featuring Colby O'Donis,1,3,2009,2009,0,https://en.wikipedia.org/wiki/Lady_Gaga
Lewis Capaldi,1,3,2019,2019,0,https://en.wikipedia.org/wiki/Lewis_Capaldi
Lisa Loeb & Nine Stories,1,3,1994,1994,0,https://en.wikipedia.org/wiki/Lisa_Loeb
Little Peggy March,1,3,1963,1963,0,https://en.wikipedia.org/wiki/Peggy_March
Little Stevie Wonder,1,3,1963,1963,0,https://en.wikipedia.org/wiki/Stevie_Wonder
Los Lobos,1,3,1987,1987,0,https://en.wikipedia.org/wiki/Los_Lobos
Mac Davis,1,3,1972,1972,0,https://en.wikipedia.org/wiki/Mac_Davis
Melanie,1,3,1971,1971,0,https://en.wikipedia.org/wiki/Melanie_(singer)
Migos featuring Lil Uzi Vert,1,3,2017,2017,0,https://en.wikipedia.org/wiki/Migos
Mr. Big,1,3,1992,1992,0,https://en.wikipedia.org/wiki/Mr._Big_(American_band)
Patti LaBelle and Michael McDonald,1,3,1986,1986,0,https://en.wikipedia.org/wiki/Patti_LaBelle
Paul & Paula,1,3,1963,1963,0,https://en.wikipedia.org/wiki/Paul_&_Paula
Paul Anka and Odia Coates,1,3,1974,1974,0,https://en.wikipedia.org/wiki/Paul_Anka
Paul McCartney,1,3,1980,1980,0,https://en.wikipedia.org/wiki/Paul_McCartney
Paul Simon,1,3,1976,1976,0,https://en.wikipedia.org/wiki/Paul_Simon
Paula Abdul with The Wild Pair,1,3,1990,1990,0,https://en.wikipedia.org/wiki/Paula_Abdul
Pink featuring Nate Ruess,1,3,2013,2013,0,https://en.wikipedia.org/wiki/Pink_(singer)
Pitbull featuring Kesha,1,3,2014,2014,0,https://en.wikipedia.org/wiki/Pitbull_(rapper)
Player,1,3,1978,1978,0,https://en.wikipedia.org/wiki/Player_(band)
Poison,1,3,1988,1988,0,https://en.wikipedia.org/wiki/Poison_(band)
Post Malone,1,3,2019,2019,0,NA
Ray Parker Jr.,1,3,1984,1984,0,https://en.wikipedia.org/wiki/Ray_Parker_Jr.
Right Said Fred,1,3,1992,1992,0,https://en.wikipedia.org/wiki/Right_Said_Fred
Rupert Holmes,1,3,1979,1979,0,https://en.wikipedia.org/wiki/Rupert_Holmes
Sammy Davis Jr.,1,3,1972,1972,0,https://en.wikipedia.org/wiki/Sammy_Davis_Jr.
Silver Convention,1,3,1975,1975,0,https://en.wikipedia.org/wiki/Silver_Convention
Sly and the Family Stone,1,3,1971,1971,0,https://en.wikipedia.org/wiki/Sly_and_the_Family_Stone
Snoop Dogg featuring Pharrell,1,3,2004,2004,0,https://en.wikipedia.org/wiki/Snoop_Dogg
Sonny & Cher,1,3,1965,1965,0,https://en.wikipedia.org/wiki/Sonny_&_Cher
Steve Lacy,1,3,2022,2022,0,https://en.wikipedia.org/wiki/Steve_Lacy
Terror Squad,1,3,2004,2004,0,https://en.wikipedia.org/wiki/Terror_Squad_(group)
Terry Jacks,1,3,1974,1974,0,https://en.wikipedia.org/wiki/Terry_Jacks
The Angels,1,3,1963,1963,0,https://en.wikipedia.org/wiki/The_Angels_(American_group)
The Animals,1,3,1964,1964,0,https://en.wikipedia.org/wiki/The_Animals
The Dixie Cups,1,3,1964,1964,0,https://en.wikipedia.org/wiki/The_Dixie_Cups
The Drifters,1,3,1960,1960,0,https://en.wikipedia.org/wiki/The_Drifters
The Guess Who,1,3,1970,1970,0,https://en.wikipedia.org/wiki/The_Guess_Who
The Lovin' Spoonful,1,3,1966,1966,0,https://en.wikipedia.org/wiki/The_Lovin'_Spoonful
The Mamas & the Papas,1,3,1966,1966,0,https://en.wikipedia.org/wiki/The_Mamas_&_the_Papas
The Marcels,1,3,1961,1961,0,https://en.wikipedia.org/wiki/The_Marcels
The New Vaudeville Band,1,3,1966,1966,0,https://en.wikipedia.org/wiki/The_New_Vaudeville_Band
The Notorious B.I.G.,1,3,1997,1997,0,https://en.wikipedia.org/wiki/The_Notorious_B.I.G.
The Partridge Family,1,3,1970,1970,0,https://en.wikipedia.org/wiki/The_Partridge_Family
The Platters,1,3,1959,1959,0,https://en.wikipedia.org/wiki/The_Platters
The Teddy Bears,1,3,1958,1958,0,https://en.wikipedia.org/wiki/The_Teddy_Bears
The Tokens,1,3,1961,1961,0,https://en.wikipedia.org/wiki/The_Tokens
The Tornados,1,3,1962,1962,0,https://en.wikipedia.org/wiki/The_Tornados
The Turtles,1,3,1967,1967,0,https://en.wikipedia.org/wiki/The_Turtles
Tina Turner,1,3,1984,1984,0,https://en.wikipedia.org/wiki/Tina_Turner
Tony Orlando and Dawn,1,3,1975,1975,0,https://en.wikipedia.org/wiki/Tony_Orlando_and_Dawn
Usher featuring Young Jeezy,1,3,2008,2008,0,https://en.wikipedia.org/wiki/Usher_(musician)
Wham! featuring George Michael,1,3,1985,1985,0,https://en.wikipedia.org/wiki/Wham!
Wild Cherry,1,3,1976,1976,0,https://en.wikipedia.org/wiki/Wild_Cherry_(band)
Will Smith,1,3,1998,1998,0,https://en.wikipedia.org/wiki/Will_Smith
2Pac featuring K-Ci & JoJo / featuring Dr. Dre and Roger Troutman,1,2,1996,1996,0,https://en.wikipedia.org/wiki/2Pac
Akon,1,2,2007,2007,0,https://en.wikipedia.org/wiki/Akon
Akon featuring Snoop Dogg,1,2,2006,2006,0,https://en.wikipedia.org/wiki/Akon
Alannah Myles,1,2,1990,1990,0,https://en.wikipedia.org/wiki/Alannah_Myles
Amy Grant,1,2,1991,1991,0,https://en.wikipedia.org/wiki/Amy_Grant
Anita Ward,1,2,1979,1979,0,https://en.wikipedia.org/wiki/Anita_Ward
Archie Bell & the Drells,1,2,1968,1968,0,https://en.wikipedia.org/wiki/Archie_Bell_&_the_Drells
Aretha Franklin,1,2,1967,1967,0,https://en.wikipedia.org/wiki/Aretha_Franklin
Aretha Franklin and George Michael,1,2,1987,1987,0,https://en.wikipedia.org/wiki/Aretha_Franklin
B.o.B featuring Bruno Mars,1,2,2010,2010,0,https://en.wikipedia.org/wiki/B.o.B
Bad English,1,2,1989,1989,0,https://en.wikipedia.org/wiki/Bad_English
Barbra Streisand and Donna Summer,1,2,1979,1979,0,https://en.wikipedia.org/wiki/Barbra_Streisand
Barbra and Neil,1,2,1978,1978,0,https://en.wikipedia.org/wiki/Barbra_Streisand
Billy Swan,1,2,1974,1974,0,https://en.wikipedia.org/wiki/Billy_Swan
Billy Vera and the Beaters,1,2,1987,1987,0,https://en.wikipedia.org/wiki/Billy_Vera
Bo Donaldson and The Heywoods,1,2,1974,1974,0,https://en.wikipedia.org/wiki/Bo_Donaldson_and_The_Heywoods
"Bobby ""Boris"" Pickett and the Crypt-Kickers",1,2,1962,1962,0,https://en.wikipedia.org/wiki/Bobby_Pickett
Bobby McFerrin,1,2,1988,1988,0,https://en.wikipedia.org/wiki/Bobby_McFerrin
Boston,1,2,1986,1986,0,https://en.wikipedia.org/wiki/Boston_(band)
Brandy,1,2,1999,1999,0,https://en.wikipedia.org/wiki/Brandy_Norwood
C+C Music Factory featuring Freedom Williams,1,2,1991,1991,0,https://en.wikipedia.org/wiki/C+C_Music_Factory
Carl Douglas,1,2,1974,1974,0,https://en.wikipedia.org/wiki/Carl_Douglas
Chamillionaire featuring Krayzie Bone,1,2,2006,2006,0,https://en.wikipedia.org/wiki/Chamillionaire
Charlie Rich,1,2,1973,1973,0,https://en.wikipedia.org/wiki/Charlie_Rich
Cheap Trick,1,2,1988,1988,0,https://en.wikipedia.org/wiki/Cheap_Trick
Childish Gambino,1,2,2018,2018,0,https://en.wikipedia.org/wiki/Donald_Glover
Chuck Berry,1,2,1972,1972,0,https://en.wikipedia.org/wiki/Chuck_Berry
Clay Aiken,1,2,2003,2003,0,https://en.wikipedia.org/wiki/Clay_Aiken
Club Nouveau,1,2,1987,1987,0,https://en.wikipedia.org/wiki/Club_Nouveau
Conway Twitty,1,2,1958,1958,0,https://en.wikipedia.org/wiki/Conway_Twitty
Crazy Town,1,2,2001,2001,0,https://en.wikipedia.org/wiki/Crazy_Town
Cutting Crew,1,2,1987,1987,0,https://en.wikipedia.org/wiki/Cutting_Crew
Dale & Grace,1,2,1963,1963,0,https://en.wikipedia.org/wiki/Dale_and_Grace
Deniece Williams,1,2,1984,1984,0,https://en.wikipedia.org/wiki/Deniece_Williams
Desiigner,1,2,2016,2016,0,https://en.wikipedia.org/wiki/Desiigner
Dion,1,2,1961,1961,0,https://en.wikipedia.org/wiki/Dion_DiMucci
Dolly Parton,1,2,1981,1981,0,https://en.wikipedia.org/wiki/Dolly_Parton
Eddie Kendricks,1,2,1973,1973,0,https://en.wikipedia.org/wiki/Eddie_Kendricks
Eddie Rabbitt,1,2,1981,1981,0,https://en.wikipedia.org/wiki/Eddie_Rabbitt
Elton John Band,1,2,1975,1975,0,https://en.wikipedia.org/wiki/Elton_John_Band
Fergie featuring Ludacris,1,2,2007,2007,0,https://en.wikipedia.org/wiki/Fergie_(singer)
Foreigner,1,2,1985,1985,0,https://en.wikipedia.org/wiki/Foreigner_(band)
Freddie and the Dreamers,1,2,1965,1965,0,https://en.wikipedia.org/wiki/Freddie_and_the_Dreamers
Gary Lewis & the Playboys,1,2,1965,1965,0,https://en.wikipedia.org/wiki/Gary_Lewis_&_the_Playboys
George McCrae,1,2,1974,1974,0,https://en.wikipedia.org/wiki/George_McCrae
Gladys Knight & the Pips,1,2,1973,1973,0,https://en.wikipedia.org/wiki/Gladys_Knight_&_the_Pips
Glenn Medeiros featuring Bobby Brown,1,2,1990,1990,0,https://en.wikipedia.org/wiki/Glenn_Medeiros
Gloria Estefan and Miami Sound Machine,1,2,1988,1988,0,https://en.wikipedia.org/wiki/Gloria_Estefan
Guns N' Roses,1,2,1988,1988,0,https://en.wikipedia.org/wiki/Guns_N'_Roses
Guy Mitchell,1,2,1959,1959,0,https://en.wikipedia.org/wiki/Guy_Mitchell
Halsey,1,2,2019,2019,0,https://en.wikipedia.org/wiki/Halsey_(singer)
Henry Mancini,1,2,1969,1969,0,https://en.wikipedia.org/wiki/Henry_Mancini
Hugh Masekela,1,2,1968,1968,0,https://en.wikipedia.org/wiki/Hugh_Masekela
Ini Kamoze,1,2,1994,1994,0,https://en.wikipedia.org/wiki/Ini_Kamoze
Isaac Hayes,1,2,1971,1971,0,https://en.wikipedia.org/wiki/Isaac_Hayes
Ja Rule featuring Ashanti,1,2,2002,2002,0,https://en.wikipedia.org/wiki/Ja_Rule
Jan and Dean,1,2,1963,1963,0,https://en.wikipedia.org/wiki/Jan_and_Dean
Janis Joplin,1,2,1971,1971,0,https://en.wikipedia.org/wiki/Janis_Joplin
Jay Sean featuring Lil Wayne,1,2,2009,2009,0,https://en.wikipedia.org/wiki/Jay_Sean
Jimmy Soul,1,2,1963,1963,0,https://en.wikipedia.org/wiki/Jimmy_Soul
John Fred and his Playboy Band,1,2,1968,1968,0,https://en.wikipedia.org/wiki/John_Fred_and_his_Playboy_Band
John Parr,1,2,1985,1985,0,https://en.wikipedia.org/wiki/John_Parr
Juvenile featuring Soulja Slim,1,2,2004,2004,0,https://en.wikipedia.org/wiki/Juvenile_(rapper)
Kenny Rogers and Dolly Parton,1,2,1983,1983,0,https://en.wikipedia.org/wiki/Kenny_Rogers
Kool & the Gang,1,2,1981,1981,0,https://en.wikipedia.org/wiki/Kool_&_the_Gang
LMFAO,1,2,2012,2012,0,https://en.wikipedia.org/wiki/LMFAO_(group)
Lauryn Hill,1,2,1998,1998,0,https://en.wikipedia.org/wiki/Lauryn_Hill
Lawrence Welk,1,2,1961,1961,0,https://en.wikipedia.org/wiki/Lawrence_Welk
Lesley Gore,1,2,1963,1963,0,https://en.wikipedia.org/wiki/Lesley_Gore
Lonestar,1,2,2000,2000,0,https://en.wikipedia.org/wiki/Lonestar
Ludacris featuring Pharrell,1,2,2006,2006,0,https://en.wikipedia.org/wiki/Ludacris
MFSB and The Three Degrees,1,2,1974,1974,0,https://en.wikipedia.org/wiki/MFSB
Manfred Mann,1,2,1964,1964,0,https://en.wikipedia.org/wiki/Manfred_Mann
Mariah Carey featuring Jay-Z,1,2,1999,1999,0,https://en.wikipedia.org/wiki/Mariah_Carey
Mark Dinning,1,2,1960,1960,0,https://en.wikipedia.org/wiki/Mark_Dinning
Martika,1,2,1989,1989,0,https://en.wikipedia.org/wiki/Martika
Marty Robbins,1,2,1960,1960,0,https://en.wikipedia.org/wiki/Marty_Robbins
Mary MacGregor,1,2,1977,1977,0,https://en.wikipedia.org/wiki/Mary_MacGregor
Mary Wells,1,2,1964,1964,0,https://en.wikipedia.org/wiki/Mary_Wells
Maureen McGovern,1,2,1973,1973,0,https://en.wikipedia.org/wiki/Maureen_McGovern
Meco,1,2,1977,1977,0,https://en.wikipedia.org/wiki/Meco
Michael Sembello,1,2,1983,1983,0,https://en.wikipedia.org/wiki/Michael_Sembello
Mims,1,2,2007,2007,0,https://en.wikipedia.org/wiki/Mims_(rapper)
NSYNC,1,2,2000,2000,0,https://en.wikipedia.org/wiki/NSYNC
Ne-Yo,1,2,2006,2006,0,https://en.wikipedia.org/wiki/Ne-Yo
"Nelly featuring Paul Wall, Ali & Gipp",1,2,2006,2006,0,https://en.wikipedia.org/wiki/Nelly
Oliver Anthony Music,1,2,2023,2023,0,https://en.wikipedia.org/wiki/Oliver_Anthony
Owl City,1,2,2009,2009,0,https://en.wikipedia.org/wiki/Owl_City
Patti Austin and James Ingram,1,2,1983,1983,0,https://en.wikipedia.org/wiki/Patti_Austin
Percy Sledge,1,2,1966,1966,0,https://en.wikipedia.org/wiki/Percy_Sledge
Peter Cetera,1,2,1986,1986,0,https://en.wikipedia.org/wiki/Peter_Cetera
Plain White T's,1,2,2007,2007,0,https://en.wikipedia.org/wiki/Plain_White_T's
Polo G,1,2,2021,2021,0,https://en.wikipedia.org/wiki/Polo_G
Prince and the New Power Generation,1,2,1991,1991,0,https://en.wikipedia.org/wiki/Prince_(musician)
Rick Springfield,1,2,1981,1981,0,https://en.wikipedia.org/wiki/Rick_Springfield
SWV,1,2,1993,1993,0,https://en.wikipedia.org/wiki/SWV
Santo & Johnny,1,2,1959,1959,0,https://en.wikipedia.org/wiki/Santo_&_Johnny
"Shaggy featuring Ricardo ""RikRok"" Ducent",1,2,2001,2001,0,https://en.wikipedia.org/wiki/Shaggy_(musician)
Shakira featuring Wyclef Jean,1,2,2006,2006,0,https://en.wikipedia.org/wiki/Shakira
Sheena Easton,1,2,1981,1981,0,https://en.wikipedia.org/wiki/Sheena_Easton
Shelley Fabares,1,2,1962,1962,0,https://en.wikipedia.org/wiki/Shelley_Fabares
Silk,1,2,1993,1993,0,https://en.wikipedia.org/wiki/Silk_(group)
Silk Sonic (Bruno Mars and Anderson .Paak),1,2,2021,2021,0,https://en.wikipedia.org/wiki/Silk_Sonic
Sisqó,1,2,2000,2000,0,https://en.wikipedia.org/wiki/Sisqó
Smokey Robinson & the Miracles,1,2,1970,1970,0,https://en.wikipedia.org/wiki/The_Miracles
Starland Vocal Band,1,2,1976,1976,0,https://en.wikipedia.org/wiki/Starland_Vocal_Band
Steam,1,2,1969,1969,0,https://en.wikipedia.org/wiki/Steam_(band)
Steve Lawrence,1,2,1963,1963,0,https://en.wikipedia.org/wiki/Steve_Lawrence
Stories,1,2,1973,1973,0,https://en.wikipedia.org/wiki/Stories_(band)
Styx,1,2,1979,1979,0,https://en.wikipedia.org/wiki/Styx_(band)
Surface,1,2,1991,1991,0,https://en.wikipedia.org/wiki/Surface_(band)
Taylor Swift featuring Post Malone,1,2,2024,2024,0,https://en.wikipedia.org/wiki/Taylor_Swift
The Buckinghams,1,2,1967,1967,0,https://en.wikipedia.org/wiki/The_Buckinghams
The Crystals,1,2,1962,1962,0,https://en.wikipedia.org/wiki/The_Crystals
The Essex,1,2,1963,1963,0,https://en.wikipedia.org/wiki/The_Essex
The Heights,1,2,1992,1992,0,https://en.wikipedia.org/wiki/The_Heights_(American_TV_series)
The Highwaymen,1,2,1961,1961,0,https://en.wikipedia.org/wiki/The_Highwaymen_(folk_band)
The Manhattans,1,2,1976,1976,0,https://en.wikipedia.org/wiki/The_Manhattans
The Notorious B.I.G. featuring Puff Daddy and Mase,1,2,1997,1997,0,NA
The Rooftop Singers,1,2,1963,1963,0,https://en.wikipedia.org/wiki/The_Rooftop_Singers
The Troggs,1,2,1966,1966,0,https://en.wikipedia.org/wiki/The_Troggs
Timbaland featuringNelly Furtado and Justin Timberlake,1,2,2007,2007,0,https://en.wikipedia.org/wiki/Timbaland
U.S. Bonds,1,2,1961,1961,0,https://en.wikipedia.org/wiki/Gary_U.S._Bonds
Vicki Lawrence,1,2,1973,1973,0,https://en.wikipedia.org/wiki/Vicki_Lawrence
Wilbert Harrison,1,2,1959,1959,0,https://en.wikipedia.org/wiki/Wilbert_Harrison
Yes,1,2,1984,1984,0,https://en.wikipedia.org/wiki/Yes_(band)
6ix9ine and Nicki Minaj,1,1,2020,2020,0,https://en.wikipedia.org/wiki/6ix9ine
? and the Mysterians,1,1,1966,1966,0,https://en.wikipedia.org/wiki/%3F_and_the_Mysterians
ABBA,1,1,1977,1977,0,https://en.wikipedia.org/wiki/ABBA
Aaliyah,1,1,2000,2000,0,https://en.wikipedia.org/wiki/Aaliyah
Air Supply,1,1,1981,1981,0,https://en.wikipedia.org/wiki/Air_Supply
Al Green,1,1,1972,1972,0,https://en.wikipedia.org/wiki/Al_Green
Al Wilson,1,1,1974,1974,0,https://en.wikipedia.org/wiki/Al_Wilson_(singer)
Alan O'Day,1,1,1977,1977,0,https://en.wikipedia.org/wiki/Alan_O'Day
Amii Stewart,1,1,1979,1979,0,https://en.wikipedia.org/wiki/Amii_Stewart
Andy Kim,1,1,1974,1974,0,https://en.wikipedia.org/wiki/Andy_Kim_(singer)
Anne Murray,1,1,1978,1978,0,https://en.wikipedia.org/wiki/Anne_Murray
Ariana Grande and Justin Bieber,1,1,2020,2020,0,https://en.wikipedia.org/wiki/Ariana_Grande
Atlantic Starr,1,1,1987,1987,0,https://en.wikipedia.org/wiki/Atlantic_Starr
Average White Band,1,1,1975,1975,0,https://en.wikipedia.org/wiki/Average_White_Band
Avril Lavigne,1,1,2007,2007,0,https://en.wikipedia.org/wiki/Avril_Lavigne
B2K featuring P. Diddy,1,1,2003,2003,0,https://en.wikipedia.org/wiki/B2K
Bachman–Turner Overdrive,1,1,1974,1974,0,https://en.wikipedia.org/wiki/Bachman–Turner_Overdrive
Bad Bunny,1,1,2026,2026,0,https://en.wikipedia.org/wiki/Bad_Bunny
Bananarama,1,1,1986,1986,0,https://en.wikipedia.org/wiki/Bananarama
Barenaked Ladies,1,1,1998,1998,0,https://en.wikipedia.org/wiki/Barenaked_Ladies
Barry McGuire,1,1,1965,1965,0,https://en.wikipedia.org/wiki/Barry_McGuire
Barry White,1,1,1974,1974,0,https://en.wikipedia.org/wiki/Barry_White
Bay City Rollers,1,1,1976,1976,0,https://en.wikipedia.org/wiki/Bay_City_Rollers
Belinda Carlisle,1,1,1987,1987,0,https://en.wikipedia.org/wiki/Belinda_Carlisle
Berlin,1,1,1986,1986,0,https://en.wikipedia.org/wiki/Berlin_(band)
Bette Midler,1,1,1989,1989,0,https://en.wikipedia.org/wiki/Bette_Midler
Bill Conti,1,1,1977,1977,0,https://en.wikipedia.org/wiki/Bill_Conti
Bill Medley and Jennifer Warnes,1,1,1987,1987,0,https://en.wikipedia.org/wiki/Bill_Medley
Billie Eilish,1,1,2019,2019,0,https://en.wikipedia.org/wiki/Billie_Eilish
Billy Idol,1,1,1987,1987,0,https://en.wikipedia.org/wiki/Billy_Idol
Blue Swede,1,1,1974,1974,0,https://en.wikipedia.org/wiki/Blue_Swede
Bob Seger,1,1,1987,1987,0,https://en.wikipedia.org/wiki/Bob_Seger
Bobby Brown,1,1,1989,1989,0,https://en.wikipedia.org/wiki/Bobby_Brown
Bread,1,1,1970,1970,0,https://en.wikipedia.org/wiki/Bread_(band)
Brian Hyland,1,1,1960,1960,0,https://en.wikipedia.org/wiki/Brian_Hyland
Bruce Hornsby & the Range,1,1,1986,1986,0,https://en.wikipedia.org/wiki/Bruce_Hornsby
C. W. McCall,1,1,1976,1976,0,https://en.wikipedia.org/wiki/C._W._McCall
Camila Cabello featuring Young Thug,1,1,2018,2018,0,https://en.wikipedia.org/wiki/Camila_Cabello
"Cardi B, Bad Bunny and J Balvin",1,1,2018,2018,0,https://en.wikipedia.org/wiki/Cardi_B
Carrie Underwood,1,1,2005,2005,0,https://en.wikipedia.org/wiki/Carrie_Underwood
Coldplay,1,1,2008,2008,0,https://en.wikipedia.org/wiki/Coldplay
Coldplay and BTS,1,1,2021,2021,0,https://en.wikipedia.org/wiki/Coldplay
Creed,1,1,2000,2000,0,https://en.wikipedia.org/wiki/Creed_(band)
D4L,1,1,2006,2006,0,https://en.wikipedia.org/wiki/D4L
"DJ Khaled featuring Justin Bieber, Quavo, Chance the Rapper and Lil Wayne",1,1,2017,2017,0,https://en.wikipedia.org/wiki/DJ_Khaled
"Dave ""Baby"" Cortez",1,1,1959,1959,0,"https://en.wikipedia.org/wiki/Dave_""Baby""_Cortez"
David Rose,1,1,1962,1962,0,https://en.wikipedia.org/wiki/David_Rose_(songwriter)
David Soul,1,1,1977,1977,0,https://en.wikipedia.org/wiki/David_Soul
Dean Martin,1,1,1964,1964,0,https://en.wikipedia.org/wiki/Dean_Martin
Def Leppard,1,1,1988,1988,0,https://en.wikipedia.org/wiki/Def_Leppard
Dexys Midnight Runners,1,1,1983,1983,0,https://en.wikipedia.org/wiki/Dexys_Midnight_Runners
Dionne Warwick and The Spinners,1,1,1974,1974,0,https://en.wikipedia.org/wiki/Dionne_Warwick
Divine,1,1,1998,1998,0,https://en.wikipedia.org/wiki/Divine_(group)
Doja Cat featuring Nicki Minaj,1,1,2020,2020,0,https://en.wikipedia.org/wiki/Doja_Cat
Donovan,1,1,1966,1966,0,https://en.wikipedia.org/wiki/Donovan
Drake featuring 21 Savage,1,1,2022,2022,0,https://en.wikipedia.org/wiki/21_Savage
Drake featuring Future and Young Thug,1,1,2021,2021,0,https://en.wikipedia.org/wiki/Future_(rapper)
Drake featuring J. Cole,1,1,2023,2023,0,https://en.wikipedia.org/wiki/J._Cole
Drake featuring SZA,1,1,2023,2023,0,https://en.wikipedia.org/wiki/Drake_(musician)
EMF,1,1,1991,1991,0,https://en.wikipedia.org/wiki/EMF_(band)
"Earth, Wind & Fire",1,1,1975,1975,0,"https://en.wikipedia.org/wiki/Earth,_Wind_&_Fire"
"Eminem, Dr. Dre and 50 Cent",1,1,2009,2009,0,https://en.wikipedia.org/wiki/Eminem
Eric Clapton,1,1,1974,1974,0,https://en.wikipedia.org/wiki/Eric_Clapton
Ernie K-Doe,1,1,1961,1961,0,https://en.wikipedia.org/wiki/Ernie_K-Doe
Eurythmics,1,1,1983,1983,0,https://en.wikipedia.org/wiki/Eurythmics
Exposé,1,1,1988,1988,0,https://en.wikipedia.org/wiki/Exposé_(group)
Extreme,1,1,1991,1991,0,https://en.wikipedia.org/wiki/Extreme_(band)
Fantasia,1,1,2004,2004,0,https://en.wikipedia.org/wiki/Fantasia_Barrino
Fleetwood Mac,1,1,1977,1977,0,https://en.wikipedia.org/wiki/Fleetwood_Mac
Frank Sinatra,1,1,1966,1966,0,https://en.wikipedia.org/wiki/Frank_Sinatra
Freddy Fender,1,1,1975,1975,0,https://en.wikipedia.org/wiki/Freddy_Fender
Future featuring Drake and Tems,1,1,2022,2022,0,https://en.wikipedia.org/wiki/Future_(rapper)
Genesis,1,1,1986,1986,0,https://en.wikipedia.org/wiki/Genesis_(band)
George Michael and Elton John,1,1,1992,1992,0,https://en.wikipedia.org/wiki/George_Michael
Gordon Lightfoot,1,1,1974,1974,0,https://en.wikipedia.org/wiki/Gordon_Lightfoot
Gregory Abbott,1,1,1987,1987,0,https://en.wikipedia.org/wiki/Gregory_Abbott
"Hamilton, Joe Frank & Reynolds",1,1,1975,1975,0,"https://en.wikipedia.org/wiki/Hamilton,_Joe_Frank_&_Reynolds"
Harry Chapin,1,1,1974,1974,0,https://en.wikipedia.org/wiki/Harry_Chapin
Hi-Five,1,1,1991,1991,0,https://en.wikipedia.org/wiki/Hi-Five
Hollywood Argyles,1,1,1960,1960,0,https://en.wikipedia.org/wiki/Hollywood_Argyles
Honey Cone,1,1,1971,1971,0,https://en.wikipedia.org/wiki/Honey_Cone
Hozier,1,1,2024,2024,0,https://en.wikipedia.org/wiki/Hozier
INXS,1,1,1988,1988,0,https://en.wikipedia.org/wiki/INXS
James Blunt,1,1,2006,2006,0,https://en.wikipedia.org/wiki/James_Blunt
James Ingram,1,1,1990,1990,0,https://en.wikipedia.org/wiki/James_Ingram
James Taylor,1,1,1971,1971,0,https://en.wikipedia.org/wiki/James_Taylor
Jan Hammer,1,1,1985,1985,0,https://en.wikipedia.org/wiki/Jan_Hammer
Jason Aldean,1,1,2023,2023,0,https://en.wikipedia.org/wiki/Jason_Aldean
Jason Derulo,1,1,2009,2009,0,https://en.wikipedia.org/wiki/Jason_Derulo
"Jawsh 685, Jason Derulo and BTS",1,1,2020,2020,0,https://en.wikipedia.org/wiki/Jawsh_685
Jeannie C. Riley,1,1,1968,1968,0,https://en.wikipedia.org/wiki/Jeannie_C._Riley
Jimin,1,1,2023,2023,0,https://en.wikipedia.org/wiki/Jimin
Joe Dowell,1,1,1961,1961,0,https://en.wikipedia.org/wiki/Joe_Dowell
John Sebastian,1,1,1976,1976,0,https://en.wikipedia.org/wiki/John_Sebastian
John Travolta and Olivia Newton-John,1,1,1978,1978,0,https://en.wikipedia.org/wiki/John_Travolta
John Waite,1,1,1984,1984,0,https://en.wikipedia.org/wiki/John_Waite
Johnny Mathis and Deniece Williams,1,1,1978,1978,0,https://en.wikipedia.org/wiki/Johnny_Mathis
Johnny Rivers,1,1,1966,1966,0,https://en.wikipedia.org/wiki/Johnny_Rivers
Jon Bon Jovi,1,1,1990,1990,0,https://en.wikipedia.org/wiki/Jon_Bon_Jovi
Jonas Brothers,1,1,2019,2019,0,https://en.wikipedia.org/wiki/Jonas_Brothers
Jung Kook featuring Latto,1,1,2023,2023,0,https://en.wikipedia.org/wiki/Jung_Kook
Justin Bieber featuring Daniel Caesar and Giveon,1,1,2021,2021,0,https://en.wikipedia.org/wiki/Justin_Bieber
Kanye West,1,1,2007,2007,0,https://en.wikipedia.org/wiki/Kanye_West
Karyn White,1,1,1991,1991,0,https://en.wikipedia.org/wiki/Karyn_White
Kim Wilde,1,1,1987,1987,0,https://en.wikipedia.org/wiki/Kim_Wilde
Labelle,1,1,1975,1975,0,https://en.wikipedia.org/wiki/Labelle
Lady Gaga and Ariana Grande,1,1,2020,2020,0,https://en.wikipedia.org/wiki/Lady_Gaga
Lady Gaga and Bradley Cooper,1,1,2019,2019,0,https://en.wikipedia.org/wiki/Lady_Gaga
Larry Verne,1,1,1960,1960,0,https://en.wikipedia.org/wiki/Larry_Verne
Lil Nas X and Jack Harlow,1,1,2021,2021,0,https://en.wikipedia.org/wiki/Jack_Harlow
Linda Ronstadt,1,1,1975,1975,0,https://en.wikipedia.org/wiki/Linda_Ronstadt
Little Eva,1,1,1962,1962,0,https://en.wikipedia.org/wiki/Little_Eva
Londonbeat,1,1,1991,1991,0,https://en.wikipedia.org/wiki/Londonbeat
Looking Glass,1,1,1972,1972,0,https://en.wikipedia.org/wiki/Looking_Glass_(band)
Lorne Greene,1,1,1964,1964,0,https://en.wikipedia.org/wiki/Lorne_Greene
Lou Christie,1,1,1966,1966,0,https://en.wikipedia.org/wiki/Lou_Christie
Louis Armstrong,1,1,1964,1964,0,https://en.wikipedia.org/wiki/Louis_Armstrong
Love Unlimited Orchestra,1,1,1974,1974,0,https://en.wikipedia.org/wiki/Love_Unlimited_Orchestra
Ludacris featuring Shawnna,1,1,2003,2003,0,https://en.wikipedia.org/wiki/Ludacris
M,1,1,1979,1979,0,https://en.wikipedia.org/wiki/M_(band)
Manfred Mann's Earth Band,1,1,1977,1977,0,https://en.wikipedia.org/wiki/Manfred_Mann's_Earth_Band
Mariah Carey featuring Joe and 98 Degrees,1,1,2000,2000,0,https://en.wikipedia.org/wiki/Mariah_Carey
Marilyn McCoo and Billy Davis Jr.,1,1,1977,1977,0,https://en.wikipedia.org/wiki/Marilyn_McCoo
Marky Mark and the Funky Bunch featuring Loleatta Holloway,1,1,1991,1991,0,https://en.wikipedia.org/wiki/Marky_Mark_and_the_Funky_Bunch
Matchbox Twenty,1,1,2000,2000,0,https://en.wikipedia.org/wiki/Matchbox_Twenty
Maurice Williams and the Zodiacs,1,1,1960,1960,0,https://en.wikipedia.org/wiki/Maurice_Williams_and_the_Zodiacs
Maxi Priest,1,1,1990,1990,0,https://en.wikipedia.org/wiki/Maxi_Priest
Megan Thee Stallion,1,1,2024,2024,0,https://en.wikipedia.org/wiki/Megan_Thee_Stallion
Megan Thee Stallion featuring Beyoncé,1,1,2020,2020,0,https://en.wikipedia.org/wiki/Megan_Thee_Stallion
Michael Damian,1,1,1989,1989,0,https://en.wikipedia.org/wiki/Michael_Damian
Michael Jackson with Siedah Garrett,1,1,1987,1987,0,https://en.wikipedia.org/wiki/Michael_Jackson
Mike + the Mechanics,1,1,1989,1989,0,https://en.wikipedia.org/wiki/Mike_and_the_Mechanics
Minnie Riperton,1,1,1975,1975,0,https://en.wikipedia.org/wiki/Minnie_Riperton
Morgan Wallen featuring Tate McRae,1,1,2025,2025,0,https://en.wikipedia.org/wiki/Morgan_Wallen
Mr. Acker Bilk,1,1,1962,1962,0,https://en.wikipedia.org/wiki/Mr._Acker_Bilk
Nancy Sinatra,1,1,1966,1966,0,https://en.wikipedia.org/wiki/Nancy_Sinatra
Neil Young,1,1,1972,1972,0,https://en.wikipedia.org/wiki/Neil_Young
Nelly Furtado,1,1,2007,2007,0,https://en.wikipedia.org/wiki/Nelly_Furtado
Nelson,1,1,1990,1990,0,https://en.wikipedia.org/wiki/Nelson_(band)
Nick Gilder,1,1,1978,1978,0,https://en.wikipedia.org/wiki/Nick_Gilder
Nicki Minaj,1,1,2022,2022,0,https://en.wikipedia.org/wiki/Nicki_Minaj
Nino Tempo & April Stevens,1,1,1963,1963,0,https://en.wikipedia.org/wiki/Nino_Tempo_&_April_Stevens
OutKast featuring Sleepy Brown,1,1,2004,2004,0,https://en.wikipedia.org/wiki/Sleepy_Brown
P.M. Dawn,1,1,1991,1991,0,https://en.wikipedia.org/wiki/P.M._Dawn
Paper Lace,1,1,1974,1974,0,https://en.wikipedia.org/wiki/Paper_Lace
Pat Boone,1,1,1961,1961,0,https://en.wikipedia.org/wiki/Pat_Boone
Paul & Linda McCartney,1,1,1971,1971,0,https://en.wikipedia.org/wiki/Paul_McCartney
Paul Young,1,1,1985,1985,0,https://en.wikipedia.org/wiki/Paul_Young
Peabo Bryson and Regina Belle,1,1,1993,1993,0,https://en.wikipedia.org/wiki/Peabo_Bryson
Pet Shop Boys,1,1,1986,1986,0,https://en.wikipedia.org/wiki/Pet_Shop_Boys
Peter Cetera and Amy Grant,1,1,1986,1986,0,https://en.wikipedia.org/wiki/Amy_Grant
Peter Gabriel,1,1,1986,1986,0,https://en.wikipedia.org/wiki/Peter_Gabriel
Peter and Gordon,1,1,1964,1964,0,https://en.wikipedia.org/wiki/Peter_and_Gordon
"Peter, Paul and Mary",1,1,1969,1969,0,"https://en.wikipedia.org/wiki/Peter,_Paul_and_Mary"
Phil Collins and Marilyn Martin,1,1,1985,1985,0,https://en.wikipedia.org/wiki/Marilyn_Martin
"Pitbull featuring Ne-Yo, Afrojack and Nayer",1,1,2011,2011,0,https://en.wikipedia.org/wiki/Pitbull_(rapper)
Post Malone and Swae Lee,1,1,2019,2019,0,https://en.wikipedia.org/wiki/Post_Malone
Post Malone featuring Ty Dolla Sign,1,1,2018,2018,0,https://en.wikipedia.org/wiki/Post_Malone
Ready for the World,1,1,1985,1985,0,https://en.wikipedia.org/wiki/Ready_for_the_World
Rhythm Heritage,1,1,1976,1976,0,https://en.wikipedia.org/wiki/Rhythm_Heritage
Rick Dees and His Cast of Idiots,1,1,1976,1976,0,https://en.wikipedia.org/wiki/Rick_Dees
Rihanna featuring Britney Spears,1,1,2011,2011,0,https://en.wikipedia.org/wiki/Rihanna
Robert John,1,1,1979,1979,0,https://en.wikipedia.org/wiki/Robert_John
Robert Palmer,1,1,1986,1986,0,https://en.wikipedia.org/wiki/Robert_Palmer_(singer)
Rose Royce,1,1,1977,1977,0,https://en.wikipedia.org/wiki/Rose_Royce
Ruby & the Romantics,1,1,1963,1963,0,https://en.wikipedia.org/wiki/Ruby_&_the_Romantics
SZA,1,1,2023,2023,0,https://en.wikipedia.org/wiki/SZA
Sam Smith and Kim Petras,1,1,2022,2022,0,https://en.wikipedia.org/wiki/Sam_Smith
Seal,1,1,1995,1995,0,https://en.wikipedia.org/wiki/Seal_(musician)
Selena Gomez,1,1,2019,2019,0,https://en.wikipedia.org/wiki/Selena_Gomez
Shaggy featuring Rayvon,1,1,2001,2001,0,https://en.wikipedia.org/wiki/Rayvon
Shaun Cassidy,1,1,1977,1977,0,https://en.wikipedia.org/wiki/Shaun_Cassidy
Shawn Mendes and Camila Cabello,1,1,2019,2019,0,https://en.wikipedia.org/wiki/Shawn_Mendes
Sheriff,1,1,1989,1989,0,https://en.wikipedia.org/wiki/Sheriff_(band)
Shocking Blue,1,1,1970,1970,0,https://en.wikipedia.org/wiki/Shocking_Blue
Simple Minds,1,1,1985,1985,0,https://en.wikipedia.org/wiki/Simple_Minds
Stars on 45,1,1,1981,1981,0,https://en.wikipedia.org/wiki/Stars_on_45
Strawberry Alarm Clock,1,1,1967,1967,0,https://en.wikipedia.org/wiki/Strawberry_Alarm_Clock
Sweet Sensation,1,1,1990,1990,0,https://en.wikipedia.org/wiki/Sweet_Sensation_(trio)
T-Pain featuring Yung Joc,1,1,2007,2007,0,https://en.wikipedia.org/wiki/T-Pain
Taio Cruz featuring Ludacris,1,1,2010,2010,0,https://en.wikipedia.org/wiki/Taio_Cruz
Taylor Dayne,1,1,1990,1990,0,https://en.wikipedia.org/wiki/Taylor_Dayne
Taylor Hicks,1,1,2006,2006,0,https://en.wikipedia.org/wiki/Taylor_Hicks
Taylor Swift featuring Kendrick Lamar,1,1,2015,2015,0,https://en.wikipedia.org/wiki/Kendrick_Lamar
Teddy Swims,1,1,2024,2024,0,https://en.wikipedia.org/wiki/Teddy_Swims
Terence Trent D'Arby,1,1,1988,1988,0,https://en.wikipedia.org/wiki/Terence_Trent_D'Arby
The Bellamy Brothers,1,1,1976,1976,0,https://en.wikipedia.org/wiki/The_Bellamy_Brothers
The Chi-Lites,1,1,1972,1972,0,https://en.wikipedia.org/wiki/The_Chi-Lites
The Dave Clark Five,1,1,1965,1965,0,https://en.wikipedia.org/wiki/The_Dave_Clark_Five
The Edgar Winter Group,1,1,1973,1973,0,https://en.wikipedia.org/wiki/Edgar_Winter
The Elegants,1,1,1958,1958,0,https://en.wikipedia.org/wiki/The_Elegants
The Escape Club,1,1,1988,1988,0,https://en.wikipedia.org/wiki/The_Escape_Club
The Hues Corporation,1,1,1974,1974,0,https://en.wikipedia.org/wiki/The_Hues_Corporation
The Kingston Trio,1,1,1958,1958,0,https://en.wikipedia.org/wiki/The_Kingston_Trio
The Lemon Pipers,1,1,1968,1968,0,https://en.wikipedia.org/wiki/The_Lemon_Pipers
The Marvelettes,1,1,1961,1961,0,https://en.wikipedia.org/wiki/The_Marvelettes
The McCoys,1,1,1965,1965,0,https://en.wikipedia.org/wiki/The_McCoys
The Miracles,1,1,1976,1976,0,https://en.wikipedia.org/wiki/The_Miracles
The O'Jays,1,1,1973,1973,0,https://en.wikipedia.org/wiki/The_O'Jays
The Raiders,1,1,1971,1971,0,https://en.wikipedia.org/wiki/Paul_Revere_&_the_Raiders
"The Scotts, Travis Scott and Kid Cudi",1,1,2020,2020,0,https://en.wikipedia.org/wiki/Travis_Scott
The Shangri-Las,1,1,1964,1964,0,https://en.wikipedia.org/wiki/The_Shangri-Las
The Sylvers,1,1,1976,1976,0,https://en.wikipedia.org/wiki/The_Sylvers
The Tymes,1,1,1963,1963,0,https://en.wikipedia.org/wiki/The_Tymes
The Weeknd featuring Daft Punk,1,1,2017,2017,0,https://en.wikipedia.org/wiki/The_Weeknd
Thelma Houston,1,1,1977,1977,0,https://en.wikipedia.org/wiki/Thelma_Houston
Timmy T,1,1,1991,1991,0,https://en.wikipedia.org/wiki/Timmy_T
Tommy Page,1,1,1990,1990,0,https://en.wikipedia.org/wiki/Tommy_Page
Toni Basil,1,1,1982,1982,0,https://en.wikipedia.org/wiki/Toni_Basil
Toto,1,1,1983,1983,0,https://en.wikipedia.org/wiki/Toto_(band)
Travis Scott featuring Young Thug and M.I.A.,1,1,2020,2020,0,https://en.wikipedia.org/wiki/Young_Thug
Twista featuring Kanye West and Jamie Foxx,1,1,2004,2004,0,https://en.wikipedia.org/wiki/Twista
Van McCoy and the Soul City Symphony,1,1,1975,1975,0,https://en.wikipedia.org/wiki/Van_McCoy
Vangelis,1,1,1982,1982,0,https://en.wikipedia.org/wiki/Vangelis
Vanilla Ice,1,1,1990,1990,0,https://en.wikipedia.org/wiki/Vanilla_Ice
Vertical Horizon,1,1,2000,2000,0,https://en.wikipedia.org/wiki/Vertical_Horizon
Walter Murphy and the Big Apple Band,1,1,1976,1976,0,https://en.wikipedia.org/wiki/Walter_Murphy
Wayne Fontana and the Mindbenders,1,1,1965,1965,0,https://en.wikipedia.org/wiki/Wayne_Fontana
Whitesnake,1,1,1987,1987,0,https://en.wikipedia.org/wiki/Whitesnake
Will Smith featuring Dru Hill and Kool Moe Dee,1,1,1999,1999,0,https://en.wikipedia.org/wiki/Will_Smith
Will to Power,1,1,1988,1988,0,https://en.wikipedia.org/wiki/Will_to_Power_(band)
Wiz Khalifa,1,1,2011,2011,0,https://en.wikipedia.org/wiki/Wiz_Khalifa
XXXTentacion,1,1,2018,2018,0,https://en.wikipedia.org/wiki/XXXTentacion
Yvonne Elliman,1,1,1978,1978,0,https://en.wikipedia.org/wiki/Yvonne_Elliman
Zach Bryan featuring Kacey Musgraves,1,1,2023,2023,0,https://en.wikipedia.org/wiki/Zach_Bryan
Zayn,1,1,2016,2016,0,https://en.wikipedia.org/wiki/Zayn_Malik
a-ha,1,1,1985,1985,0,https://en.wikipedia.org/wiki/A-ha
¥$: Ye and Ty Dolla Signfeaturing Rich the Kid and Playboi Carti,1,1,2024,2024,0,https://en.wikipedia.org/wiki/¥$
